Africana - Annex+Africana - Annex=AFR;ANX
Africana A/V+Africana A/V=AFR;A/V
Africana Reference+Africana Reference=AFR
Africana Reserve+Africana Reserve=AFR
Africana+Africana=AFR
Asia - Annex+Asia - Annex=ASIA;ANX
Asia - General+Asia - General=ASIA
Asia A/V+Asia A/V=ASIA;AV
Asia Rare Annex+Asia Rare Annex=ASIA;RANX
Asia Rare+Asia Rare=ASIA;RARE
Asia Reference+Asia Reference=ASIA
Biochem Reading Room+Biochem Reading Room=BIOCHEM
CCSS+CCSS=CISER
CU Museum of Vertebrates+CU Museum of Vertebrates=ORNITH CUMV
Conservation Dept.+Conservation Dept.=CONS
DCAPS+DCAPS=DCAPS
Echols - Annex+Echols - Annex=ASIA;ANX
Echols A/V+Echols A/V=ASIA;A/V
Echols Rare Annex+Echols Rare Annex=ASIA;RANX
Echols Rare+Echols Rare=ASIA;RARE
Echols Reference+Echols Reference=ASIA
Echols+Echols=ASIA
Engineering - Annex+Engineering - Annex=ENGR;ANX
Engineering Reference+Engineering Reference=ENGR;ANX
Engineering+Engineering=ENGR;ANX
Entomology - Annex+Entomology - Annex=ENT;ANX
Fine Arts - Annex+Fine Arts - Annex=FINE;ANX
Fine Arts Permanent Reserve+Fine Arts Permanent Reserve=FINE
Fine Arts Reference+Fine Arts Reference=FINE
Fine Arts Reserve+Fine Arts Reserve=FINE
Fine Arts+Fine Arts=FINE
Food Science+Food Science=food
Geneva - Annex+Geneva - Annex=GNVA;ANX
Geneva+Geneva=GNVA
Hotel - Annex+Hotel - Annex=ILR;ANX
ILR - Annex+ILR - Annex=ILR;ANX
ILR Kheel Center - Annex+ILR Kheel Center - Annex=ILR;KHEEL
ILR Kheel Center Ref.+ILR Kheel Center Ref.=ILR;KHEEL;RE
ILR Kheel Center+ILR Kheel Center=ILR;KHEEL
ILR Multi-Copy Storage+ILR Multi-Copy Storage=ILR
ILR Reference+ILR Reference=ILR;REF
ILR Reference; Hotel Funds+ILR Reference; Hotel Funds=ILR
ILR Reference; JGSM Funds+ILR Reference; JGSM Funds=ILR
ILR Reserve+ILR Reserve=ILR
ILR+ILR=ILR
ILR; Hotel Funds+ILR; Hotel Funds=ILR
ILR; JGSM Funds+ILR; JGSM Funds=ILR
Iron Mountain+Iron Mountain=nus
JGSM - Annex+JGSM - Annex=ILR;ANX
LTS Review Shelves+LTS Review Shelves=cts;rev
Law - Annex+Law - Annex=LAW
Law Rare Annex+Law Rare Annex=RARE
Law Rare+Law Rare=RARE
Law Reference+Law Reference=LAW;REF
Law Reserve+Law Reserve=LAW
Law Special Reserve+Law Special Reserve=LAW
Law Technical Services+Law Technical Services=LAW
Law+Law=LAW
Legal Aid Clinic+Legal Aid Clinic=LAW;LEGAL
Library Tech Services+Library Tech Services=CTS
Macaulay Library+Macaulay Library=ORNITH MAC
Mann - Annex temp+Mann - Annex temp=MANN;ANX
Mann - Annex+Mann - Annex=MANN;ANX
Mann Coll. Development+Mann Coll. Development=MANN;COLL.DEVEL.
Mann Hortorium Reference+Mann Hortorium Reference=HORT;REF
Mann Hortorium+Mann Hortorium=HORT
Mann New Books+Mann New Books=MANN
Mann Reference+Mann Reference=MANN;REF
Mann Reserve+Mann Reserve=MANN
Mann Special Coll. Annex+Mann Special Coll. Annex=MANN
Mann Special Collections+Mann Special Collections=MANN
Mann Technical Services+Mann Technical Services=MANN;TECH. SERV.
Mann+Mann=MANN
Map Storage - Annex+Map Storage - Annex=ANNEX
Maps+Maps=MAPS
Math - Annex+Math - Annex=MATH;ANX
Math Desk+Math Desk=MATH;DESK
Math Permanent Reserve+Math Permanent Reserve=MATH
Math Reference+Math Reference=MATH;REF
Math Reserve+Math Reserve=MATH
Math+Math=MATH
Music - Annex+Music - Annex=MUSIC;ANX
Music A/V+Music A/V=MUSIC;A/V
Music Locked Press+Music Locked Press=MUSIC;LOCKPR
Music Permanent Reserve+Music Permanent Reserve=MUSIC
Music Reference+Music Reference=MUSIC
Music Reserve+Music Reserve=MUSIC
Music+Music=MUSIC
OCLC/Olin Microforms+OCLC/Olin Microforms=oclc;olim
OCLC/Olin Reference+OCLC/Olin Reference=oclc;olir
Olin - Annex+Olin - Annex=OLIN;ANX
Olin A/V+Olin A/V=OLIN AV
Olin Reference+Olin Reference=OLIN
Olin Reserve+Olin Reserve=OLIN
Olin Room 501+Olin Room 501=OLIN
Olin Room 604+Olin Room 604=OLIN
Olin Room 605+Olin Room 605=OLIN
Olin+Olin=OLIN
Ornithology - Annex+Ornithology - Annex=ORNITH;ANX
Ornithology Reference+Ornithology Reference=ORNITH;REF
Ornithology+Ornithology=ORNITH
Phys Sci - Annex+Phys Sci - Annex=PHYS;ANX
Phys Sci+Phys Sci=PHYS
RMC Annex+RMC Annex=RMC
RMC History of Science+RMC History of Science=RMC;HSCI
RMC Icelandic Rare+RMC Icelandic Rare=RMC
RMC Icelandic+RMC Icelandic=RMC
RMC Reference+RMC Reference=RMC;REF
RMC Technical Services+RMC Technical Services=RMC;TS
RMC+RMC=RMC
South Asia - Annex+South Asia - Annex=ASIA;ANX
South Asia A/V+South Asia A/V=ASIA;AV
South Asia Rare Annex+South Asia Rare Annex=ASIA;RANX
South Asia Rare+South Asia Rare=ASIA;RARE
South Asia Reference+South Asia Reference=ASIA
South Asia+South Asia=ASIA
Uris - Annex+Uris - Annex=URIS;ANX
Uris Reference+Uris Reference=URIS
Uris Reserve+Uris Reserve=URIS
Uris+Uris=URIS
Vet - Annex+Vet - Annex=VET;ANX
Vet CARE+Vet CARE=VET;CARE
Vet Companion+Vet Companion=VET;COMP
Vet Core Resource+Vet Core Resource=VET
Vet Equine+Vet Equine=VET;EQU
Vet Feline Health Center+Vet Feline Health Center=VET;FELI
Vet Ophthalmology+Vet Ophthalmology=VET;OPH
Vet Pathology+Vet Pathology=VET;PATH
Vet Reserve+Vet Reserve=VET
Vet+Vet=VET
Wason - Annex+Wason - Annex=ASIA;ANX
Wason A/V+Wason A/V=ASIA;A/V
Wason Rare Annex+Wason Rare Annex=ASIA;RANX
Wason Rare+Wason Rare=ASIA;RARE
Wason Reference+Wason Reference=ASIA
Wason+Wason=ASIA
cons,opt+cons,opt=CONS
serv,remo+serv,remo=serv;remo
